Action,count_missed,count_made,attempts,TotalAssists,PercentAssisted
Three Point Jumper,379569,188299,567868,161026,0.855161206379216
Layup,276899,327228,604127,143656,0.4390088867700808
Two Point Jumper,382827,204042,586869,84726,0.4152380392272179
Tip In,3884,7461,11345,0,0.0
Dunk,2709,21078,23787,15154,0.718948666856438
Free Throw,162316,423637,585953,0,0.0
