Action,total_made,total_attempts,total_points,PPS
Three Point Jumper,186668,562844,560004,0.9949541969000292
Layup,322464,596396,644928,1.0813754619413947
Two Point Jumper,201687,580792,403374,0.6945240292566013
Tip In,7188,10962,14376,1.31143951833607
Dunk,20818,23466,41636,1.774311770220745
