Shot_Clock,PPS
0,0.790053052
1,0.819643613
2,0.835166646
3,0.84244848
4,0.860296019
5,0.868179174
6,0.875820555
7,0.880877816
8,0.893483735
9,0.887389784
10,0.89296589
11,0.897225142
12,0.906631982
13,0.899904288
14,0.905612074
15,0.914020697
16,0.915040964
17,0.925014048
18,0.928675497
19,0.935367493
20,0.937912002
21,0.945169141
22,0.974350109
23,0.991850335
24,1.014627472
25,1.045176717
26,1.092620415
27,1.123418624
28,1.096200397
29,1.062171445