Action,PPS
Three Point Jumper,0.994954197
Layup,1.081375462
Two Point Jumper,0.694524029
Tip In,1.311439518
Dunk,1.77431177