Shot Clock,PPS
29,1.047834275
28,1.099353366
27,1.122291544
26,1.092967946
25,1.047500465
24,1.005198836
23,0.981891348
22,0.985359665
21,0.957422563
20,0.945774029
19,0.943846264
18,0.935382246
17,0.929675345
16,0.907413157
15,0.91279473
14,0.908810557
13,0.896279053
12,0.921833097
11,0.896012477
10,0.886634298
9,0.880270506
8,0.891219319
7,0.88421659
6,0.87339282
5,0.864629847
4,0.846532478
3,0.837848411
2,0.805595809
1,0.799922551
0,0.772196963